Timestamp,App Name,Window Title,Category
2025-11-23 17:01:00,Windsurf.exe,finalized - Windsurf - route.ts,Uncategorized
2025-11-23 17:01:07,Windsurf.exe,finalized - Windsurf - route.ts,Uncategorized
2025-11-23 17:01:17,Windsurf.exe,finalized - Windsurf - route.ts,entertainment
2025-11-23 17:01:22,Windsurf.exe,finalized - Windsurf - route.ts,entertainment
2025-11-23 17:01:27,Windsurf.exe,finalized - Windsurf - route.ts,entertainment
2025-11-23 17:01:32,Windsurf.exe,finalized - Windsurf - route.ts,entertainment
2025-11-23 17:01:37,Windsurf.exe,finalized - Windsurf - route.ts,entertainment
2025-11-23 17:01:42,Windsurf.exe,finalized - Windsurf - route.ts,entertainment
2025-11-23 17:01:47,brave.exe,Your Repositories - Brave,entertainment
2025-11-23 17:01:52,brave.exe,New Tab - Brave,entertainment
2025-11-23 17:01:57,brave.exe,New Tab - Brave,entertainment
2025-11-23 17:02:02,brave.exe,New Tab - Brave,entertainment
2025-11-23 17:02:07,brave.exe,New Tab - Brave,entertainment
2025-11-23 17:02:13,brave.exe,Create Next App - Brave,entertainment
2025-11-23 17:02:18,brave.exe,Create Next App - Brave,entertainment
2025-11-23 17:02:23,brave.exe,Create Next App - Brave,entertainment
2025-11-23 17:02:28,brave.exe,Create Next App - Brave,entertainment
2025-11-23 17:02:33,brave.exe,Create Next App - Brave,entertainment
2025-11-23 17:02:38,brave.exe,Create Next App - Brave,entertainment
2025-11-23 17:02:43,brave.exe,Create Next App - Brave,entertainment
2025-11-23 17:02:48,brave.exe,Create Next App - Brave,entertainment
2025-11-23 17:02:53,brave.exe,Create Next App - Brave,entertainment
2025-11-23 17:02:58,brave.exe,Create Next App - Brave,entertainment
2025-11-23 17:03:03,brave.exe,Create Next App - Brave,entertainment
2025-11-23 17:03:08,brave.exe,Create Next App - Brave,entertainment
2025-11-23 17:03:13,brave.exe,Create Next App - Brave,entertainment
2025-11-23 17:03:18,brave.exe,Create Next App - Brave,entertainment
2025-11-23 17:03:23,brave.exe,Create Next App - Brave,entertainment
2025-11-23 17:03:28,brave.exe,Create Next App - Brave,entertainment
2025-11-23 17:03:33,brave.exe,Create Next App - Brave,entertainment
2025-11-23 17:03:38,brave.exe,Create Next App - Brave,entertainment
2025-11-23 17:03:43,brave.exe,Create Next App - Brave,entertainment
2025-11-23 17:03:48,brave.exe,Create Next App - Brave,entertainment
2025-11-23 17:03:53,brave.exe,Create Next App - Brave,entertainment
2025-11-23 17:03:58,brave.exe,Create Next App - Brave,entertainment
2025-11-23 17:04:03,brave.exe,Create Next App - Brave,entertainment
2025-11-23 17:04:08,brave.exe,Create Next App - Brave,entertainment
2025-11-23 17:04:13,brave.exe,Create Next App - Brave,entertainment
2025-11-23 17:04:18,brave.exe,localhost:3000 wants to open,entertainment
2025-11-23 17:04:23,brave.exe,Create Next App - Brave,entertainment
2025-11-23 17:04:28,brave.exe,Create Next App - Brave,entertainment
2025-11-23 17:04:33,brave.exe,Create Next App - Brave,entertainment
2025-11-23 17:04:38,brave.exe,Create Next App - Brave,entertainment
2025-11-23 17:04:43,brave.exe,Create Next App - Brave,entertainment
2025-11-23 17:04:48,brave.exe,Create Next App - Brave,entertainment
2025-11-23 17:04:53,brave.exe,Create Next App - Brave,entertainment
2025-11-23 17:04:58,brave.exe,Create Next App - Brave,entertainment
2025-11-23 17:05:03,brave.exe,Create Next App - Brave,entertainment
2025-11-23 17:05:08,brave.exe,Create Next App - Brave,entertainment
2025-11-23 17:05:13,brave.exe,Create Next App - Brave,entertainment
2025-11-23 17:05:18,brave.exe,Create Next App - Brave,entertainment
2025-11-23 17:05:24,brave.exe,Create Next App - Brave,entertainment
2025-11-23 17:05:29,brave.exe,Create Next App - Brave,entertainment
2025-11-23 17:05:34,brave.exe,Create Next App - Brave,entertainment
2025-11-23 17:05:39,brave.exe,Create Next App - Brave,entertainment
2025-11-23 17:05:44,brave.exe,Create Next App - Brave,entertainment
2025-11-23 17:05:49,brave.exe,Create Next App - Brave,entertainment
2025-11-23 17:05:54,brave.exe,Create Next App - Brave,entertainment
2025-11-23 17:05:59,brave.exe,Create Next App - Brave,entertainment
2025-11-23 17:06:04,brave.exe,Create Next App - Brave,entertainment
2025-11-23 17:06:09,brave.exe,Create Next App - Brave,entertainment
2025-11-23 17:06:14,brave.exe,Create Next App - Brave,entertainment
2025-11-23 17:06:19,brave.exe,Create Next App - Brave,entertainment
2025-11-23 17:06:24,brave.exe,Create Next App - Brave,entertainment
2025-11-23 17:06:29,brave.exe,Create Next App - Brave,entertainment
2025-11-23 17:06:34,brave.exe,Create Next App - Brave,entertainment
2025-11-23 17:06:39,brave.exe,Create Next App - Brave,entertainment
2025-11-23 17:06:44,brave.exe,Create Next App - Brave,entertainment
2025-11-23 17:06:49,brave.exe,Create Next App - Brave,entertainment
2025-11-23 17:06:54,brave.exe,Create Next App - Brave,entertainment
2025-11-23 17:06:59,brave.exe,Create Next App - Brave,entertainment
2025-11-23 17:07:04,brave.exe,Create Next App - Brave,entertainment
2025-11-23 17:07:09,brave.exe,Create Next App - Brave,entertainment
2025-11-23 17:07:14,brave.exe,Create Next App - Brave,entertainment
2025-11-23 17:07:19,brave.exe,Create Next App - Brave,entertainment
2025-11-23 17:07:24,brave.exe,Create Next App - Brave,entertainment
2025-11-23 17:07:29,brave.exe,Create Next App - Brave,entertainment
2025-11-23 17:07:34,brave.exe,Create Next App - Brave,entertainment
2025-11-23 17:07:39,brave.exe,Create Next App - Brave,entertainment
2025-11-23 17:07:44,brave.exe,Create Next App - Brave,entertainment
2025-11-23 17:07:49,brave.exe,Create Next App - Brave,entertainment
2025-11-23 17:07:54,brave.exe,Create Next App - Brave,entertainment
2025-11-23 17:07:59,brave.exe,Create Next App - Brave,entertainment
2025-11-23 17:08:04,brave.exe,Create Next App - Brave,entertainment
2025-11-23 17:08:09,brave.exe,Create Next App - Brave,entertainment
2025-11-23 17:08:14,brave.exe,Create Next App - Brave,entertainment
2025-11-23 17:08:19,brave.exe,Create Next App - Brave,entertainment
2025-11-23 17:08:24,brave.exe,Create Next App - Brave,entertainment
2025-11-23 17:08:29,brave.exe,Create Next App - Brave,entertainment
2025-11-23 17:08:34,brave.exe,Create Next App - Brave,entertainment
2025-11-23 17:08:39,brave.exe,Create Next App - Brave,entertainment
2025-11-23 17:08:44,brave.exe,Create Next App - Brave,entertainment
2025-11-23 17:08:49,brave.exe,Create Next App - Brave,entertainment
2025-11-23 17:08:54,brave.exe,Create Next App - Brave,entertainment
2025-11-23 17:08:59,brave.exe,Create Next App - Brave,entertainment
2025-11-23 17:09:04,brave.exe,Create Next App - Brave,entertainment
2025-11-23 17:09:09,brave.exe,Create Next App - Brave,entertainment
2025-11-23 17:09:14,brave.exe,Create Next App - Brave,entertainment
2025-11-23 17:09:20,Windsurf.exe,finalized - Windsurf - route.ts,entertainment
2025-11-23 17:09:25,Windsurf.exe,finalized - Windsurf - route.ts,entertainment
2025-11-23 17:09:30,Windsurf.exe,finalized - Windsurf - page.tsx,study
2025-11-23 17:09:35,Windsurf.exe,finalized - Windsurf - page.tsx,study
2025-11-23 17:09:40,Windsurf.exe,finalized - Windsurf - page.tsx,study
2025-11-23 17:09:45,Windsurf.exe,finalized - Windsurf - page.tsx,study
2025-11-23 17:09:50,Windsurf.exe,finalized - Windsurf - page.tsx,study
2025-11-23 17:09:55,Windsurf.exe,finalized - Windsurf - page.tsx,study
2025-11-23 17:10:00,Windsurf.exe,finalized - Windsurf - page.tsx,study
2025-11-23 17:10:05,Windsurf.exe,finalized - Windsurf - page.tsx,study
2025-11-23 17:10:10,Windsurf.exe,finalized - Windsurf - page.tsx,study
2025-11-23 17:10:15,Windsurf.exe,finalized - Windsurf - page.tsx,study
2025-11-23 17:10:20,Windsurf.exe,finalized - Windsurf - page.tsx,study
2025-11-23 17:10:25,Windsurf.exe,finalized - Windsurf - page.tsx,study
2025-11-23 17:10:30,Windsurf.exe,finalized - Windsurf - page.tsx,study
2025-11-23 17:10:35,Windsurf.exe,finalized - Windsurf - page.tsx,study
2025-11-23 17:10:40,Windsurf.exe,finalized - Windsurf - page.tsx,study
2025-11-23 17:10:45,Windsurf.exe,finalized - Windsurf - favicon.ico,study
2025-11-23 17:10:50,Windsurf.exe,finalized - Windsurf - favicon.ico,study
2025-11-23 17:10:55,WhatsApp.Root.exe,WhatsApp,entertainment
2025-11-23 17:11:00,WhatsApp.Root.exe,WhatsApp,entertainment
2025-11-23 17:11:05,WhatsApp.Root.exe,WhatsApp,entertainment
2025-11-23 17:11:10,WhatsApp.Root.exe,WhatsApp,entertainment
2025-11-23 17:11:15,WhatsApp.Root.exe,WhatsApp,entertainment
2025-11-23 17:11:20,brave.exe,Untitled - Brave,entertainment
2025-11-23 17:11:25,brave.exe,Hackathon_certificates - Google Drive - Brave,study
2025-11-23 17:11:30,brave.exe,Hackathon_certificates - Google Drive - Brave,study
2025-11-23 17:11:35,brave.exe,drive.usercontent.google.com wants to save,study
2025-11-23 17:11:40,brave.exe,drive.usercontent.google.com wants to save,study
2025-11-23 17:11:45,brave.exe,drive.usercontent.google.com wants to save,study
2025-11-23 17:11:50,brave.exe,drive.usercontent.google.com wants to save,study
2025-11-23 17:11:55,brave.exe,drive.usercontent.google.com wants to save,study
2025-11-23 17:12:00,brave.exe,drive.usercontent.google.com wants to save,study
2025-11-23 17:12:05,brave.exe,drive.usercontent.google.com wants to save,study
2025-11-23 17:12:10,brave.exe,drive.usercontent.google.com wants to save,study
2025-11-23 17:12:15,brave.exe,drive.usercontent.google.com wants to save,study
2025-11-23 17:12:20,brave.exe,drive.usercontent.google.com wants to save,study
2025-11-23 17:12:25,brave.exe,drive.usercontent.google.com wants to save,study
2025-11-23 17:12:30,brave.exe,drive.usercontent.google.com wants to save,study
2025-11-23 17:12:35,brave.exe,Hackathon_certificates - Google Drive - Brave,study
2025-11-23 17:12:40,WhatsApp.Root.exe,WhatsApp,entertainment
2025-11-23 17:12:45,Windsurf.exe,finalized - Windsurf - favicon.ico,study
2025-11-23 17:12:50,Windsurf.exe,finalized - Windsurf - favicon.ico,study
2025-11-23 17:12:55,Windsurf.exe,finalized - Windsurf - favicon.ico,study
2025-11-23 17:13:01,Windsurf.exe,finalized - Windsurf - providers.tsx,study
2025-11-23 17:13:06,Windsurf.exe,finalized - Windsurf - providers.tsx,study
2025-11-23 17:13:11,Windsurf.exe,finalized - Windsurf - providers.tsx,study
2025-11-23 17:13:16,Windsurf.exe,finalized - Windsurf - page.tsx,study
2025-11-23 17:13:21,Windsurf.exe,finalized - Windsurf - not-found.tsx,study
2025-11-23 17:13:26,Windsurf.exe,finalized - Windsurf - not-found.tsx,study
2025-11-23 17:13:31,Windsurf.exe,finalized - Windsurf - not-found.tsx,study
2025-11-23 17:13:36,Windsurf.exe,finalized - Windsurf - globals.css,study
2025-11-23 17:13:41,Windsurf.exe,finalized - Windsurf - globals.css,study
2025-11-23 17:13:46,Windsurf.exe,finalized - Windsurf - favicon.ico,study
2025-11-23 17:13:51,Windsurf.exe,finalized - Windsurf - favicon.ico,study
2025-11-23 17:13:56,Windsurf.exe,finalized - Windsurf - role-based-header.tsx,study
2025-11-23 17:14:01,Windsurf.exe,finalized - Windsurf - role-based-header.tsx,study
2025-11-23 17:14:06,Windsurf.exe,finalized - Windsurf - role-based-header.tsx,study
2025-11-23 17:14:11,Windsurf.exe,finalized - Windsurf - role-based-header.tsx,study
2025-11-23 17:14:16,Windsurf.exe,finalized - Windsurf - role-based-header.tsx,study
2025-11-23 17:14:21,Windsurf.exe,finalized - Windsurf - role-based-header.tsx,study
2025-11-23 20:14:46,brave.exe,Create Next App - Brave,Uncategorized
2025-11-23 20:14:53,Windsurf.exe,finalized - Windsurf - logo-cloud.tsx,Uncategorized
2025-11-23 20:15:00,Windsurf.exe,finalized - Windsurf - logo-cloud.tsx,Uncategorized
2025-11-23 20:15:07,Windsurf.exe,finalized - Windsurf - logo-cloud.tsx,study
2025-11-23 20:15:12,Windsurf.exe,finalized - Windsurf - logo-cloud.tsx,study
2025-11-23 20:15:17,brave.exe,Create Next App - Brave,entertainment
2025-11-23 20:15:22,brave.exe,Create Next App - Brave,entertainment
2025-11-23 20:15:27,brave.exe,Create Next App - Brave,entertainment
2025-11-23 20:15:32,brave.exe,Create Next App - Brave,entertainment
2025-11-23 20:15:37,brave.exe,Create Next App - Brave,entertainment
2025-11-23 20:15:43,brave.exe,Create Next App - Brave,entertainment
2025-11-23 20:15:48,SnippingTool.exe,Snipping Tool Overlay,study
2025-11-23 20:15:53,SnippingTool.exe,Snipping Tool Overlay,study
2025-11-23 20:15:58,SnippingTool.exe,Snipping Tool Overlay,study
2025-11-23 20:16:03,SnippingTool.exe,Snipping Tool Overlay,study
2025-11-23 20:16:08,SnippingTool.exe,Snipping Tool Overlay,study
2025-11-23 20:16:13,brave.exe,Create Next App - Brave,entertainment
2025-11-23 20:16:18,WhatsApp.Root.exe,WhatsApp,entertainment
2025-11-23 20:16:23,WhatsApp.Root.exe,WhatsApp,entertainment
2025-11-23 20:16:28,brave.exe,Create Next App - Brave,entertainment
2025-11-23 20:16:33,brave.exe,Create Next App - Brave,entertainment
2025-11-23 20:16:38,brave.exe,Create Next App - Brave,entertainment
2025-11-23 20:16:44,brave.exe,Create Next App - Brave,entertainment
2025-11-23 20:16:49,SnippingTool.exe,Snipping Tool Overlay,study
2025-11-23 20:16:54,WhatsApp.Root.exe,WhatsApp,entertainment
2025-11-23 20:16:59,Windsurf.exe,finalized - Windsurf - logo-cloud.tsx,study
2025-11-23 20:17:04,brave.exe,Create Next App - Brave,entertainment
2025-11-23 20:17:09,SnippingTool.exe,Snipping Tool Overlay,study
2025-11-23 20:17:14,WhatsApp.Root.exe,WhatsApp,entertainment
2025-11-23 20:17:19,WhatsApp.Root.exe,WhatsApp,entertainment
2025-11-23 20:17:24,WhatsApp.Root.exe,WhatsApp,entertainment
2025-11-23 20:17:29,Windsurf.exe,finalized - Windsurf - logo-cloud.tsx,study
2025-11-23 20:17:34,brave.exe,Create Next App - Brave,entertainment
2025-11-23 20:17:39,brave.exe,Create Next App - Brave,entertainment
2025-11-23 20:17:44,brave.exe,"LeetCode Logo PNG, Vector (AI, EPS, CDR, PDF, SVG) - iconLogoVector - Brave",study
2025-11-23 20:17:49,brave.exe,"LeetCode Logo PNG, Vector (AI, EPS, CDR, PDF, SVG) - iconLogoVector - Brave",study
2025-11-23 20:17:54,brave.exe,clode - Brave Search - Brave,entertainment
2025-11-23 20:17:59,brave.exe,"LeetCode Logo PNG, Vector (AI, EPS, CDR, PDF, SVG) - iconLogoVector - Brave",study
2025-11-23 20:18:04,brave.exe,"50 Great Teachers: Socrates, The Ancient World's Teaching Superstar - Brave",study
2025-11-23 20:18:09,brave.exe,in.pinterest.com is asking you to,study
2025-11-23 20:18:14,brave.exe,New Tab - Brave,entertainment
2025-11-23 20:18:19,brave.exe,leetcode logo - Brave Search - Brave,entertainment
2025-11-23 20:18:24,brave.exe,Leetcode Logo SVG Icon - Customizable and High-Quality - Brave,entertainment
2025-11-23 20:18:29,brave.exe,leetcode logo - Brave Search - Brave,entertainment
2025-11-23 20:18:34,brave.exe,leetcode logo - Brave Search - Brave,entertainment
2025-11-23 20:18:39,brave.exe,leetcode logo - Brave Search - Brave,entertainment
2025-11-23 20:18:44,Windsurf.exe,finalized - Windsurf - logo-cloud.tsx,study
2025-11-23 20:18:49,Windsurf.exe,finalized - Windsurf - logo-cloud.tsx,study
2025-11-23 20:18:54,brave.exe,Create Next App - Brave,entertainment
2025-11-23 20:18:59,brave.exe,Create Next App - Brave,entertainment
2025-11-23 20:19:04,brave.exe,Create Next App - Brave,entertainment
2025-11-23 20:19:09,brave.exe,Create Next App - Brave,entertainment
2025-11-23 20:19:14,brave.exe,Create Next App - Brave,entertainment
2025-11-23 20:19:19,brave.exe,Create Next App - Brave,entertainment
2025-11-23 20:19:24,brave.exe,Create Next App - Brave,entertainment
2025-11-23 20:19:29,brave.exe,Create Next App - Brave,entertainment
2025-11-23 20:19:34,Windsurf.exe,finalized - Windsurf - logo-cloud.tsx,study
2025-11-23 20:19:40,brave.exe,Create Next App - Brave,entertainment
2025-11-23 20:19:45,brave.exe,leetcode logo - Brave Search - Brave,entertainment
2025-11-23 20:19:50,brave.exe,leetcode logo - Brave Search - Brave,entertainment
2025-11-23 20:19:55,brave.exe,"LeetCode Logo PNG, Vector (AI, EPS, CDR, PDF, SVG) - iconLogoVector - Brave",study
2025-11-23 20:20:00,brave.exe,"LeetCode Logo PNG, Vector (AI, EPS, CDR, PDF, SVG) - iconLogoVector - Brave",study
2025-11-23 20:20:05,brave.exe,iconlogovector.com wants to save,study
2025-11-23 20:20:10,brave.exe,iconlogovector.com wants to save,study
2025-11-23 20:20:15,brave.exe,iconlogovector.com wants to save,study
2025-11-23 20:20:20,brave.exe,"LeetCode Logo PNG, Vector (AI, EPS, CDR, PDF, SVG) - iconLogoVector - Brave",study
2025-11-23 20:20:25,Windsurf.exe,finalized - Windsurf - logo-cloud.tsx,study
2025-11-23 20:20:30,Windsurf.exe,finalized - Windsurf - lg-685660bc962f7-LeetCode.webp,study
2025-11-23 20:20:35,Windsurf.exe,finalized - Windsurf - lg-685660bc962f7-LeetCode.webp,study
2025-11-23 20:20:40,Windsurf.exe,finalized - Windsurf - logo-cloud.tsx,study
2025-11-23 20:20:45,Windsurf.exe,finalized - Windsurf - logo-cloud.tsx,study
2025-11-23 20:20:50,Windsurf.exe,finalized - Windsurf - logo-cloud.tsx,study
2025-11-23 20:20:55,Windsurf.exe,finalized - Windsurf - logo-cloud.tsx,study
2025-11-23 20:21:00,brave.exe,Create Next App - Brave,entertainment
2025-11-23 20:21:15,brave.exe,Create Next App - Brave,entertainment
2025-11-23 20:21:20,Windsurf.exe,finalized - Windsurf - logo-cloud.tsx,study
2025-11-23 20:21:25,Windsurf.exe,finalized - Windsurf - logo-cloud.tsx,study
2025-11-23 20:21:30,Windsurf.exe,finalized - Windsurf - logo-cloud.tsx,study
2025-11-23 20:21:35,Windsurf.exe,finalized - Windsurf - logo-cloud.tsx,study
2025-11-23 20:21:40,Windsurf.exe,finalized - Windsurf - logo-cloud.tsx,study
2025-11-23 20:21:45,Windsurf.exe,finalized - Windsurf - logo-cloud.tsx,study
2025-11-23 20:21:50,Windsurf.exe,finalized - Windsurf - logo-cloud.tsx,study
2025-11-23 20:21:55,Windsurf.exe,finalized - Windsurf - logo-cloud.tsx,study
2025-11-23 20:22:00,Windsurf.exe,finalized - Windsurf - logo-cloud.tsx,study
2025-11-23 20:22:05,brave.exe,Create Next App - Brave,entertainment
2025-11-23 20:22:10,Windsurf.exe,finalized - Windsurf - logo-cloud.tsx,study
2025-11-23 20:22:15,Windsurf.exe,finalized - Windsurf - logo-cloud.tsx,study
2025-11-23 20:22:20,Windsurf.exe,finalized - Windsurf - logo-cloud.tsx,study
2025-11-23 20:22:25,Windsurf.exe,finalized - Windsurf - logo-cloud.tsx,study
2025-11-23 20:22:30,Windsurf.exe,finalized - Windsurf - logo-cloud.tsx,study
2025-11-23 23:05:42,brave.exe,student_wellbeing - Edit content for app - Brave,Uncategorized
2025-11-23 23:05:50,brave.exe,student_wellbeing - Edit content for app - Brave,Uncategorized
2025-11-23 23:05:57,brave.exe,student_wellbeing - Edit content for app - Brave,Uncategorized
2025-11-23 23:06:04,brave.exe,student_wellbeing - Edit content for app - Brave,Uncategorized
2025-11-23 23:06:11,brave.exe,student_wellbeing - Edit content for app - Brave,Uncategorized
2025-11-23 23:06:18,brave.exe,student_wellbeing - Edit content for app - Brave,Uncategorized
2025-11-23 23:06:27,brave.exe,student_wellbeing - Edit content for app - Brave,Uncategorized
2025-11-23 23:06:35,brave.exe,student_wellbeing - Edit content for app - Brave,study
2025-11-23 23:06:40,brave.exe,student_wellbeing - Edit content for app - Brave,study
2025-11-23 23:06:45,brave.exe,student_wellbeing - Edit content for app - Brave,study
2025-11-23 23:06:50,brave.exe,student_wellbeing - Edit content for app - Brave,study
2025-11-23 23:06:55,brave.exe,student_wellbeing - Edit content for app - Brave,study
2025-11-23 23:07:00,brave.exe,student_wellbeing - Edit content for app - Brave,study
2025-11-23 23:07:05,brave.exe,student_wellbeing - Edit content for app - Brave,study
2025-11-23 23:07:10,brave.exe,student_wellbeing - Edit content for app - Brave,study
2025-11-23 23:07:15,brave.exe,student_wellbeing - Edit content for app - Brave,study
2025-11-23 23:07:20,brave.exe,student_wellbeing - Edit content for app - Brave,study
2025-11-23 23:07:25,brave.exe,student_wellbeing - Edit content for app - Brave,study
2025-11-23 23:07:30,brave.exe,student_wellbeing - Edit content for app - Brave,study
2025-11-23 23:07:36,brave.exe,student_wellbeing - Edit content for app - Brave,study
2025-11-23 23:07:41,brave.exe,student_wellbeing - Edit content for app - Brave,study
2025-11-23 23:07:46,brave.exe,student_wellbeing - Edit content for app - Brave,study
2025-11-23 23:07:51,brave.exe,student_wellbeing - Edit content for app - Brave,study
2025-11-23 23:07:56,brave.exe,student_wellbeing - Edit content for app - Brave,study
2025-11-23 23:08:01,brave.exe,student_wellbeing - Edit content for app - Brave,study
2025-11-23 23:08:06,brave.exe,student_wellbeing - Edit content for app - Brave,study
2025-11-23 23:08:11,brave.exe,student_wellbeing - Edit content for app - Brave,study
2025-11-23 23:08:16,brave.exe,student_wellbeing - Edit content for app - Brave,study
2025-11-23 23:08:21,brave.exe,student_wellbeing - Edit content for app - Brave,study
2025-11-23 23:08:26,brave.exe,student_wellbeing - Edit content for app - Brave,study
2025-11-23 23:08:31,brave.exe,student_wellbeing - Edit content for app - Brave,study
2025-11-23 23:08:36,brave.exe,student_wellbeing - Edit content for app - Brave,study
2025-11-23 23:08:41,brave.exe,student_wellbeing - Edit content for app - Brave,study
2025-11-23 23:08:46,brave.exe,student_wellbeing - Edit content for app - Brave,study
2025-11-23 23:08:52,brave.exe,student_wellbeing - Edit content for app - Brave,study
2025-11-23 23:08:57,brave.exe,student_wellbeing - Edit content for app - Brave,study
2025-11-23 23:09:02,brave.exe,student_wellbeing - Edit content for app - Brave,study
2025-11-23 23:09:07,brave.exe,student_wellbeing - Edit content for app - Brave,study
2025-11-23 23:09:12,brave.exe,student_wellbeing - Edit content for app - Brave,study
2025-11-23 23:09:17,brave.exe,student_wellbeing - Edit content for app - Brave,study
2025-11-23 23:09:22,brave.exe,student_wellbeing - Edit content for app - Brave,study
2025-11-23 23:09:27,Windsurf.exe,finalized - Windsurf - page.tsx,study
2025-11-23 23:09:32,Windsurf.exe,finalized - Windsurf - page.tsx,study
2025-11-23 23:09:37,Windsurf.exe,finalized - Windsurf - page.tsx,study
2025-11-23 23:09:42,Windsurf.exe,finalized - Windsurf - page.tsx,study
2025-11-23 23:09:47,Windsurf.exe,finalized - Windsurf - page.tsx,study
2025-11-23 23:09:52,Windsurf.exe,finalized - Windsurf - page.tsx,study
2025-11-23 23:09:57,Windsurf.exe,finalized - Windsurf - page.tsx,study
2025-11-23 23:10:02,Windsurf.exe,finalized - Windsurf - page.tsx,study
2025-11-23 23:10:07,brave.exe,student_wellbeing - Edit content for app - Brave,study
2025-11-23 23:10:12,brave.exe,student_wellbeing - Edit content for app - Brave,study
2025-11-23 23:10:17,brave.exe,student_wellbeing - Edit content for app - Brave,study
2025-11-23 23:10:22,brave.exe,student_wellbeing - Edit content for app - Brave,study
2025-11-23 23:10:27,brave.exe,student_wellbeing - Edit content for app - Brave,study
2025-11-23 23:10:32,brave.exe,student_wellbeing - Edit content for app - Brave,study
2025-11-23 23:10:38,brave.exe,student_wellbeing - Edit content for app - Brave,study
2025-11-23 23:10:43,brave.exe,student_wellbeing - Edit content for app - Brave,study
2025-11-23 23:10:48,brave.exe,student_wellbeing - Edit content for app - Brave,study
2025-11-23 23:10:53,brave.exe,student_wellbeing - Edit content for app - Brave,study
2025-11-23 23:10:58,brave.exe,student_wellbeing - Edit content for app - Brave,study
2025-11-23 23:11:03,brave.exe,student_wellbeing - Edit content for app - Brave,study
2025-11-23 23:11:08,brave.exe,student_wellbeing - Edit content for app - Brave,study
2025-11-23 23:11:13,brave.exe,student_wellbeing - Edit content for app - Brave,study
2025-11-23 23:11:18,brave.exe,student_wellbeing - Edit content for app - Brave,study
2025-11-23 23:11:23,brave.exe,student_wellbeing - Edit content for app - Brave,study
2025-11-23 23:11:28,brave.exe,student_wellbeing - Edit content for app - Brave,study
2025-11-23 23:11:33,brave.exe,student_wellbeing - Edit content for app - Brave,study
2025-11-23 23:11:38,brave.exe,student_wellbeing - Edit content for app - Brave,study
2025-11-23 23:11:43,brave.exe,student_wellbeing - Edit content for app - Brave,study
2025-11-23 23:11:48,brave.exe,student_wellbeing - Edit content for app - Brave,study
2025-11-23 23:11:53,brave.exe,student_wellbeing - Edit content for app - Brave,study
2025-11-23 23:11:59,brave.exe,student_wellbeing - Edit content for app - Brave,study
2025-11-23 23:12:04,brave.exe,student_wellbeing - Edit content for app - Brave,study
2025-11-23 23:12:09,brave.exe,student_wellbeing - Edit content for app - Brave,study
2025-11-23 23:12:14,brave.exe,student_wellbeing - Edit content for app - Brave,study
2025-11-23 23:12:19,brave.exe,student_wellbeing - Edit content for app - Brave,study
2025-11-23 23:12:24,brave.exe,student_wellbeing - Edit content for app - Brave,study
2025-11-23 23:12:29,brave.exe,student_wellbeing - Edit content for app - Brave,study
2025-11-23 23:12:34,brave.exe,student_wellbeing - Edit content for app - Brave,study
2025-11-23 23:12:39,brave.exe,student_wellbeing - Edit content for app - Brave,study
2025-11-23 23:12:44,brave.exe,student_wellbeing - Edit content for app - Brave,study
2025-11-23 23:12:49,brave.exe,student_wellbeing - Edit content for app - Brave,study
2025-11-23 23:12:54,brave.exe,student_wellbeing - Edit content for app - Brave,study
2025-11-23 23:12:59,brave.exe,student_wellbeing - Edit content for app - Brave,study
2025-11-23 23:13:04,brave.exe,student_wellbeing - Edit content for app - Brave,study
2025-11-23 23:13:09,brave.exe,student_wellbeing - Edit content for app - Brave,study
2025-11-23 23:13:14,brave.exe,student_wellbeing - Edit content for app - Brave,study
2025-11-23 23:13:19,brave.exe,student_wellbeing - Edit content for app - Brave,study
2025-11-23 23:13:24,brave.exe,student_wellbeing - Edit content for app - Brave,study
2025-11-23 23:13:29,brave.exe,student_wellbeing - Edit content for app - Brave,study
2025-11-23 23:13:34,brave.exe,student_wellbeing - Edit content for app - Brave,study
2025-11-23 23:13:39,brave.exe,student_wellbeing - Edit content for app - Brave,study
2025-11-23 23:13:44,brave.exe,student_wellbeing - Edit content for app - Brave,study
2025-11-23 23:13:49,brave.exe,student_wellbeing - Edit content for app - Brave,study
2025-11-23 23:13:54,brave.exe,student_wellbeing - Edit content for app - Brave,study
2025-11-23 23:13:59,brave.exe,student_wellbeing - Edit content for app - Brave,study
2025-11-23 23:14:04,brave.exe,student_wellbeing - Edit content for app - Brave,study
2025-11-23 23:14:09,brave.exe,student_wellbeing - Edit content for app - Brave,study
2025-11-23 23:14:14,brave.exe,student_wellbeing - Edit content for app - Brave,study
2025-11-23 23:14:19,brave.exe,student_wellbeing - Edit content for app - Brave,study
2025-11-23 23:14:24,brave.exe,student_wellbeing - Edit content for app - Brave,study
2025-11-23 23:14:29,brave.exe,student_wellbeing - Edit content for app - Brave,study
2025-11-23 23:14:34,brave.exe,student_wellbeing - Edit content for app - Brave,study
2025-11-23 23:14:40,brave.exe,student_wellbeing - Edit content for app - Brave,study
2025-11-23 23:14:45,brave.exe,student_wellbeing - Edit content for app - Brave,study
2025-11-23 23:14:50,brave.exe,student_wellbeing - Edit content for app - Brave,study
2025-11-23 23:14:55,brave.exe,student_wellbeing - Edit content for app - Brave,study
2025-11-23 23:15:00,brave.exe,student_wellbeing - Edit content for app - Brave,study
2025-11-23 23:15:05,brave.exe,student_wellbeing - Edit content for app - Brave,study
2025-11-23 23:15:10,brave.exe,student_wellbeing - Edit content for app - Brave,study
2025-11-23 23:15:15,brave.exe,student_wellbeing - Edit content for app - Brave,study
2025-11-23 23:15:20,brave.exe,student_wellbeing - Edit content for app - Brave,study
2025-11-23 23:15:25,brave.exe,student_wellbeing - Edit content for app - Brave,study
2025-11-23 23:15:30,brave.exe,student_wellbeing - Edit content for app - Brave,study
2025-11-23 23:15:35,brave.exe,student_wellbeing - Edit content for app - Brave,study
2025-11-23 23:15:40,brave.exe,student_wellbeing - Edit content for app - Brave,study
2025-11-23 23:15:45,WhatsApp.Root.exe,WhatsApp,entertainment
2025-11-23 23:15:50,WhatsApp.Root.exe,WhatsApp,entertainment
2025-11-23 23:15:55,brave.exe,student_wellbeing - Edit content for app - Brave,study
2025-11-23 23:16:00,brave.exe,student_wellbeing - Edit content for app - Brave,study
2025-11-23 23:16:05,brave.exe,student_wellbeing - Edit content for app - Brave,study
2025-11-23 23:16:10,Windsurf.exe,finalized - Windsurf - page.tsx,study
2025-11-23 23:16:15,Windsurf.exe,finalized - Windsurf - page.tsx,study
2025-11-23 23:16:20,Windsurf.exe,finalized - Windsurf - page.tsx,study
2025-11-23 23:16:25,brave.exe,student_wellbeing - Edit content for app - Brave,study
2025-11-23 23:16:30,brave.exe,student_wellbeing - Edit content for app - Brave,study
2025-11-23 23:16:35,brave.exe,student_wellbeing - Edit content for app - Brave,study
2025-11-23 23:16:40,brave.exe,student_wellbeing - Edit content for app - Brave,study
2025-11-23 23:16:46,Windsurf.exe,finalized - Windsurf - page.tsx,study
2025-11-23 23:16:51,Windsurf.exe,finalized - Windsurf - page.tsx,study
2025-11-23 23:16:56,Windsurf.exe,finalized - Windsurf - page.tsx,study
2025-11-23 23:17:01,Windsurf.exe,finalized - Windsurf - page.tsx,study
2025-11-23 23:17:06,Windsurf.exe,finalized - Windsurf - page.tsx,study
2025-11-23 23:17:11,Windsurf.exe,finalized - Windsurf - page.tsx,study
2025-11-23 23:17:16,Windsurf.exe,finalized - Windsurf - page.tsx,study
2025-11-23 23:17:21,Windsurf.exe,finalized - Windsurf - page.tsx,study
2025-11-23 23:17:26,Windsurf.exe,finalized - Windsurf - page.tsx,study
2025-11-23 23:17:31,Windsurf.exe,finalized - Windsurf - page.tsx,study
2025-11-23 23:17:36,Windsurf.exe,finalized - Windsurf - page.tsx,study
2025-11-23 23:17:41,Windsurf.exe,finalized - Windsurf - page.tsx,study
2025-11-23 23:17:46,Windsurf.exe,finalized - Windsurf - page.tsx,study
2025-11-23 23:17:51,Windsurf.exe,finalized - Windsurf - page.tsx,study
2025-11-23 23:17:56,Windsurf.exe,finalized - Windsurf - page.tsx,study
2025-11-23 23:18:01,Windsurf.exe,finalized - Windsurf - page.tsx,study
2025-11-23 23:18:06,Windsurf.exe,finalized - Windsurf - page.tsx,study
2025-11-23 23:18:11,Windsurf.exe,finalized - Windsurf - page.tsx,study
2025-11-23 23:18:16,Windsurf.exe,finalized - Windsurf - page.tsx,study
2025-11-23 23:18:21,Windsurf.exe,finalized - Windsurf - page.tsx,study
2025-11-23 23:18:26,Windsurf.exe,finalized - Windsurf - page.tsx,study
2025-11-23 23:18:31,Windsurf.exe,finalized - Windsurf - page.tsx,study
2025-11-23 23:18:36,Windsurf.exe,finalized - Windsurf - page.tsx,study
2025-11-23 23:18:41,Windsurf.exe,finalized - Windsurf - page.tsx,study
2025-11-23 23:18:46,Windsurf.exe,finalized - Windsurf - page.tsx,study
2025-11-23 23:18:51,Windsurf.exe,finalized - Windsurf - page.tsx,study
2025-11-23 23:18:56,WhatsApp.Root.exe,WhatsApp,entertainment
2025-11-23 23:19:01,brave.exe,student_wellbeing - Edit content for app - Brave,study
2025-11-23 23:19:06,brave.exe,student_wellbeing - Edit content for app - Brave,study
2025-11-23 23:19:12,brave.exe,student_wellbeing - Edit content for app - Brave,study
2025-11-23 23:19:17,brave.exe,student_wellbeing - Edit content for app - Brave,study
2025-11-23 23:19:22,brave.exe,student_wellbeing - Edit content for app - Brave,study
2025-11-23 23:19:27,brave.exe,student_wellbeing - Edit content for app - Brave,study
2025-11-23 23:19:32,brave.exe,student_wellbeing - Edit content for app - Brave,study
2025-11-23 23:19:37,Windsurf.exe,finalized - Windsurf - page.tsx,study
2025-11-23 23:19:42,brave.exe,student_wellbeing - Edit content for app - Brave,study
2025-11-23 23:19:47,brave.exe,student_wellbeing - Edit content for app - Brave,study
2025-11-23 23:19:52,brave.exe,student_wellbeing - Edit content for app - Brave,study
2025-11-23 23:19:57,brave.exe,student_wellbeing - Edit content for app - Brave,study
2025-11-23 23:20:02,brave.exe,student_wellbeing - Edit content for app - Brave,study
2025-11-23 23:20:07,brave.exe,student_wellbeing - Edit content for app - Brave,study
2025-11-23 23:20:12,brave.exe,student_wellbeing - Edit content for app - Brave,study
2025-11-23 23:20:17,brave.exe,student_wellbeing - Edit content for app - Brave,study
2025-11-23 23:20:22,brave.exe,student_wellbeing - Edit content for app - Brave,study
2025-11-23 23:20:28,brave.exe,student_wellbeing - Edit content for app - Brave,study
2025-11-23 23:20:33,WhatsApp.Root.exe,WhatsApp,entertainment
2025-11-23 23:20:38,WhatsApp.Root.exe,WhatsApp,entertainment
2025-11-23 23:20:43,WhatsApp.Root.exe,WhatsApp,entertainment
2025-11-23 23:20:48,Windsurf.exe,finalized - Windsurf - page.tsx,study
2025-11-23 23:20:53,Windsurf.exe,finalized - Windsurf - page.tsx,study
2025-11-23 23:20:58,Windsurf.exe,finalized - Windsurf - page.tsx,study
2025-11-23 23:21:03,Windsurf.exe,finalized - Windsurf - page.tsx,study
2025-11-23 23:21:08,Windsurf.exe,finalized - Windsurf - page.tsx,study
2025-11-23 23:21:13,Windsurf.exe,finalized - Windsurf - page.tsx,study
2025-11-23 23:21:18,Windsurf.exe,finalized - Windsurf - page.tsx,study
2025-11-23 23:21:23,Windsurf.exe,finalized - Windsurf - page.tsx,study
2025-11-23 23:21:28,Windsurf.exe,finalized - Windsurf - page.tsx,study
2025-11-23 23:21:33,Windsurf.exe,finalized - Windsurf - page.tsx,study
2025-11-23 23:21:38,Windsurf.exe,finalized - Windsurf - page.tsx,study
2025-11-23 23:21:43,Windsurf.exe,finalized - Windsurf - page.tsx,study
2025-11-23 23:21:48,Windsurf.exe,finalized - Windsurf - page.tsx,study
2025-11-23 23:21:53,Windsurf.exe,finalized - Windsurf - page.tsx,study
2025-11-23 23:21:58,Windsurf.exe,finalized - Windsurf - page.tsx,study
2025-11-23 23:22:04,Windsurf.exe,finalized - Windsurf - page.tsx,study
2025-11-23 23:22:09,Windsurf.exe,finalized - Windsurf - page.tsx,study
2025-11-23 23:22:14,Windsurf.exe,finalized - Windsurf - page.tsx,study
2025-11-23 23:22:19,Windsurf.exe,finalized - Windsurf - page.tsx,study
2025-11-23 23:22:24,Windsurf.exe,finalized - Windsurf - page.tsx,study
2025-11-23 23:22:29,Windsurf.exe,finalized - Windsurf - page.tsx,study
2025-11-23 23:22:34,Windsurf.exe,finalized - Windsurf - page.tsx,study
2025-11-23 23:22:39,Windsurf.exe,finalized - Windsurf - page.tsx,study
2025-11-23 23:22:44,Windsurf.exe,finalized - Windsurf - page.tsx,study
2025-11-23 23:22:49,Windsurf.exe,finalized - Windsurf - page.tsx,study
2025-11-23 23:22:54,Windsurf.exe,finalized - Windsurf - page.tsx,study
2025-11-23 23:22:59,Windsurf.exe,finalized - Windsurf - page.tsx,study
2025-11-23 23:23:04,Windsurf.exe,finalized - Windsurf - performance.ts,study
2025-11-23 23:23:09,Windsurf.exe,finalized - Windsurf - performance.ts,study
2025-11-23 23:23:14,Windsurf.exe,finalized - Windsurf - performance.ts,study
2025-11-23 23:23:19,Windsurf.exe,finalized - Windsurf - performance.ts,study
2025-11-23 23:23:24,Windsurf.exe,finalized - Windsurf - performance.ts,study
2025-11-23 23:23:29,Windsurf.exe,finalized - Windsurf - performance.ts,study
2025-11-23 23:23:34,Windsurf.exe,finalized - Windsurf - performance.ts,study
2025-11-23 23:23:39,Windsurf.exe,finalized - Windsurf - performance.ts,study
2025-11-23 23:23:44,SearchHost.exe,Search,study
2025-11-23 23:23:49,SearchHost.exe,Search,study
2025-11-23 23:23:54,SearchHost.exe,Search,study
2025-11-23 23:24:04,SenseSplash.exe,SenseSplash,study
2025-11-23 23:24:09,AcerSense.exe,AcerSense,study
2025-11-23 23:24:14,AcerSense.exe,AcerSense,study
2025-11-23 23:24:19,AcerSense.exe,AcerSense,study
2025-11-23 23:24:25,AcerSense.exe,AcerSense,study
2025-11-23 23:24:30,AcerSense.exe,AcerSense,study
2025-11-23 23:24:35,AcerSense.exe,AcerSense,study
2025-11-23 23:24:40,AcerSense.exe,AcerSense,study
2025-11-23 23:24:45,AcerSense.exe,AcerSense,study
2025-11-23 23:24:50,AcerSense.exe,AcerSense,study
2025-11-23 23:24:55,AcerSense.exe,AcerSense,study
2025-11-23 23:25:00,AcerSense.exe,AcerSense,study
2025-11-23 23:25:05,AcerSense.exe,AcerSense,study
2025-11-23 23:25:10,AcerSense.exe,AcerSense,study
2025-11-23 23:25:15,Windsurf.exe,finalized - Windsurf - performance.ts,study
2025-11-23 23:25:21,brave.exe,student_wellbeing - Edit content for app - Brave,study
2025-11-23 23:25:26,brave.exe,Create Next App - Brave,entertainment
2025-11-23 23:25:31,brave.exe,Create Next App - Brave,entertainment
2025-11-23 23:25:36,brave.exe,Create Next App - Brave,entertainment
2025-11-23 23:25:41,brave.exe,Create Next App - Brave,entertainment
2025-11-23 23:25:46,Windsurf.exe,finalized - Windsurf - performance.ts,study
2025-11-23 23:25:51,Windsurf.exe,finalized - Windsurf - performance.ts,study
2025-11-23 23:25:56,Windsurf.exe,finalized - Windsurf - page.tsx,study
2025-11-23 23:26:01,Windsurf.exe,finalized - Windsurf - page.tsx,study
2025-11-23 23:26:06,Windsurf.exe,finalized - Windsurf - page.tsx,study
2025-11-23 23:26:11,Windsurf.exe,finalized - Windsurf - page.tsx,study
2025-11-23 23:26:16,Windsurf.exe,finalized - Windsurf - page.tsx,study
2025-11-23 23:26:21,Windsurf.exe,finalized - Windsurf - page.tsx,study
2025-11-23 23:26:26,Windsurf.exe,finalized - Windsurf - page.tsx,study
2025-11-23 23:26:31,Windsurf.exe,finalized - Windsurf - page.tsx,study
2025-11-23 23:26:36,Windsurf.exe,finalized - Windsurf - page.tsx,study
2025-11-23 23:26:42,Windsurf.exe,finalized - Windsurf - page.tsx,study
2025-11-23 23:26:47,Windsurf.exe,finalized - Windsurf - page.tsx,study
2025-11-23 23:26:52,Windsurf.exe,finalized - Windsurf - page.tsx,study
2025-11-23 23:26:57,Windsurf.exe,finalized - Windsurf - page.tsx,study
2025-11-23 23:27:02,Windsurf.exe,finalized - Windsurf - page.tsx,study
2025-11-23 23:27:07,Windsurf.exe,finalized - Windsurf - page.tsx,study
2025-11-23 23:27:12,Windsurf.exe,finalized - Windsurf - page.tsx,study
2025-11-23 23:27:17,Windsurf.exe,finalized - Windsurf - page.tsx,study
2025-11-23 23:27:22,Windsurf.exe,finalized - Windsurf - page.tsx,study
2025-11-23 23:27:27,Windsurf.exe,finalized - Windsurf - page.tsx,study
2025-11-23 23:27:32,Windsurf.exe,finalized - Windsurf - page.tsx,study
2025-11-23 23:27:37,Windsurf.exe,finalized - Windsurf - page.tsx,study
2025-11-23 23:27:42,Windsurf.exe,finalized - Windsurf - page.tsx,study
2025-11-23 23:27:47,Windsurf.exe,finalized - Windsurf - page.tsx,study
2025-11-23 23:27:52,brave.exe,Create Next App - Brave,entertainment
2025-11-23 23:27:57,brave.exe,Create Next App - Brave,entertainment
2025-11-23 23:28:02,brave.exe,Create Next App - Brave,entertainment
2025-11-23 23:28:07,brave.exe,Create Next App - Brave,entertainment
2025-11-23 23:28:12,brave.exe,Create Next App - Brave,entertainment
2025-11-23 23:28:17,brave.exe,Create Next App - Brave,entertainment
2025-11-23 23:28:22,brave.exe,Create Next App - Brave,entertainment
2025-11-23 23:28:28,brave.exe,Create Next App - Brave,entertainment
2025-11-23 23:28:33,brave.exe,Create Next App - Brave,entertainment
2025-11-23 23:28:38,brave.exe,Create Next App - Brave,entertainment
2025-11-23 23:28:43,brave.exe,Create Next App - Brave,entertainment
2025-11-23 23:28:48,brave.exe,Create Next App - Brave,entertainment
2025-11-23 23:28:53,brave.exe,Create Next App - Brave,entertainment
2025-11-23 23:28:58,brave.exe,Create Next App - Brave,entertainment
2025-11-23 23:29:03,brave.exe,Create Next App - Brave,entertainment
2025-11-23 23:29:08,brave.exe,Create Next App - Brave,entertainment
2025-11-23 23:29:13,brave.exe,Create Next App - Brave,entertainment
2025-11-23 23:29:18,brave.exe,localhost:3000/dashboard/parent - Brave,study
2025-11-23 23:29:23,brave.exe,localhost:3000/dashboard/parent - Brave,study
2025-11-23 23:29:28,Windsurf.exe,finalized - Windsurf - page.tsx,study
2025-11-23 23:29:33,Windsurf.exe,finalized - Windsurf - page.tsx,study
2025-11-23 23:29:38,Windsurf.exe,finalized - Windsurf - page.tsx,study
2025-11-23 23:29:43,Windsurf.exe,finalized - Windsurf - page.tsx,study
2025-11-23 23:29:48,Windsurf.exe,finalized - Windsurf - page.tsx,study
2025-11-23 23:29:53,Windsurf.exe,finalized - Windsurf - page.tsx,study
2025-11-23 23:29:58,Windsurf.exe,finalized - Windsurf - page.tsx,study
2025-11-23 23:30:03,Windsurf.exe,finalized - Windsurf - page.tsx,study
2025-11-23 23:30:08,Windsurf.exe,finalized - Windsurf - page.tsx,study
2025-11-23 23:30:13,Windsurf.exe,finalized - Windsurf - page.tsx,study
2025-11-23 23:30:18,Windsurf.exe,finalized - Windsurf - page.tsx,study
2025-11-23 23:30:23,Windsurf.exe,finalized - Windsurf - page.tsx,study
2025-11-23 23:30:28,Windsurf.exe,finalized - Windsurf - page.tsx,study
2025-11-23 23:30:33,Windsurf.exe,finalized - Windsurf - page.tsx,study
2025-11-23 23:30:38,Windsurf.exe,finalized - Windsurf - page.tsx,study
2025-11-23 23:30:43,Windsurf.exe,finalized - Windsurf - page.tsx,study
2025-11-23 23:30:48,Windsurf.exe,finalized - Windsurf - page.tsx,study
2025-11-23 23:30:53,Windsurf.exe,finalized - Windsurf - page.tsx,study
2025-11-23 23:30:58,Windsurf.exe,finalized - Windsurf - page.tsx,study
2025-11-23 23:31:03,Windsurf.exe,finalized - Windsurf - page.tsx,study
2025-11-23 23:31:08,Windsurf.exe,finalized - Windsurf - page.tsx,study
2025-11-23 23:31:14,Windsurf.exe,finalized - Windsurf - page.tsx,study
2025-11-23 23:31:19,Windsurf.exe,finalized - Windsurf - page.tsx,study
2025-11-23 23:31:24,Windsurf.exe,finalized - Windsurf - page.tsx,study
2025-11-23 23:31:29,Windsurf.exe,finalized - Windsurf - page.tsx,study
2025-11-23 23:31:34,Windsurf.exe,finalized - Windsurf - page.tsx,study
2025-11-23 23:31:39,Windsurf.exe,finalized - Windsurf - page.tsx,study
2025-11-23 23:31:44,brave.exe,Create Next App - Brave,entertainment
2025-11-23 23:31:49,brave.exe,Create Next App - Brave,entertainment
2025-11-23 23:31:54,Windsurf.exe,finalized - Windsurf - page.tsx,study
2025-11-23 23:31:59,Windsurf.exe,finalized - Windsurf - page.tsx,study
2025-11-23 23:32:04,Windsurf.exe,finalized - Windsurf - page.tsx,study
2025-11-23 23:32:09,Windsurf.exe,finalized - Windsurf - page.tsx,study
2025-11-23 23:32:14,Windsurf.exe,finalized - Windsurf - page.tsx,study
2025-11-23 23:32:19,Windsurf.exe,finalized - Windsurf - page.tsx,study
2025-11-23 23:32:24,Windsurf.exe,finalized - Windsurf - page.tsx,study
2025-11-23 23:32:29,Windsurf.exe,finalized - Windsurf - page.tsx,study
2025-11-23 23:32:34,brave.exe,Create Next App - Brave,entertainment
2025-11-23 23:32:39,brave.exe,Create Next App - Brave,entertainment
2025-11-23 23:32:44,brave.exe,Create Next App - Brave,entertainment
2025-11-23 23:32:50,brave.exe,Create Next App - Brave,entertainment
2025-11-23 23:32:55,brave.exe,Create Next App - Brave,entertainment
2025-11-23 23:33:00,brave.exe,Create Next App - Brave,entertainment
2025-11-23 23:33:05,brave.exe,localhost:3000 - Brave,entertainment
2025-11-23 23:33:10,brave.exe,Create Next App - Brave,entertainment
2025-11-23 23:33:15,brave.exe,Create Next App - Brave,entertainment
2025-11-23 23:33:20,brave.exe,Create Next App - Brave,entertainment
2025-11-23 23:33:25,brave.exe,Create Next App - Brave,entertainment
2025-11-23 23:33:30,brave.exe,Create Next App - Brave,entertainment
2025-11-23 23:33:35,brave.exe,Create Next App - Brave,entertainment
2025-11-23 23:33:40,brave.exe,Create Next App - Brave,entertainment
2025-11-23 23:33:45,brave.exe,Create Next App - Brave,entertainment
2025-11-23 23:33:50,Windsurf.exe,finalized - Windsurf - page.tsx,study
2025-11-23 23:33:55,Windsurf.exe,finalized - Windsurf - page.tsx,study
2025-11-23 23:34:00,Windsurf.exe,finalized - Windsurf - page.tsx,study
2025-11-23 23:34:06,Windsurf.exe,finalized - Windsurf - page.tsx,study
2025-11-23 23:34:11,Windsurf.exe,finalized - Windsurf - page.tsx,study
2025-11-23 23:34:16,Windsurf.exe,finalized - Windsurf - page.tsx,study
2025-11-23 23:34:21,Windsurf.exe,finalized - Windsurf - page.tsx,study
2025-11-23 23:34:26,Windsurf.exe,finalized - Windsurf - page.tsx,study
2025-11-23 23:34:31,Windsurf.exe,finalized - Windsurf - page.tsx,study
2025-11-23 23:34:36,Windsurf.exe,finalized - Windsurf - page.tsx,study
2025-11-23 23:34:41,Windsurf.exe,finalized - Windsurf - page.tsx,study
2025-11-23 23:34:46,Windsurf.exe,finalized - Windsurf - page.tsx,study
2025-11-23 23:34:51,Windsurf.exe,finalized - Windsurf - page.tsx,study
2025-11-23 23:34:56,Windsurf.exe,finalized - Windsurf - page.tsx,study
2025-11-23 23:35:01,Windsurf.exe,finalized - Windsurf - page.tsx,study
2025-11-23 23:35:06,Windsurf.exe,finalized - Windsurf - page.tsx,study
2025-11-23 23:35:11,Windsurf.exe,finalized - Windsurf - page.tsx,study
2025-11-23 23:57:33,Windsurf.exe,finalized - Windsurf - page.tsx,study
2025-11-23 23:57:38,brave.exe,Create Next App - Brave,entertainment
2025-11-23 23:57:43,Windsurf.exe,finalized - Windsurf - page.tsx,study
2025-11-23 23:57:48,Windsurf.exe,finalized - Windsurf - page.tsx,study
2025-11-23 23:57:53,Windsurf.exe,finalized - Windsurf - page.tsx,study
2025-11-23 23:57:58,Windsurf.exe,finalized - Windsurf - page.tsx,study
2025-11-23 23:58:03,Windsurf.exe,finalized - Windsurf - page.tsx,study
2025-11-23 23:58:08,Windsurf.exe,finalized - Windsurf - page.tsx,study
2025-11-23 23:58:13,Windsurf.exe,finalized - Windsurf - page.tsx,study
2025-11-23 23:58:18,Windsurf.exe,finalized - Windsurf - page.tsx,study
2025-11-23 23:58:23,Windsurf.exe,finalized - Windsurf - page.tsx,study
2025-11-23 23:58:28,Windsurf.exe,finalized - Windsurf - page.tsx,study
2025-11-23 23:58:33,Windsurf.exe,finalized - Windsurf - page.tsx,study
2025-11-23 23:58:38,Windsurf.exe,finalized - Windsurf - page.tsx,study
2025-11-23 23:58:43,Windsurf.exe,finalized - Windsurf - page.tsx,study
2025-11-23 23:58:48,Windsurf.exe,finalized - Windsurf - page.tsx,study
2025-11-23 23:58:53,Windsurf.exe,finalized - Windsurf - page.tsx,study
2025-11-23 23:58:58,Windsurf.exe,finalized - Windsurf - page.tsx,study
2025-11-23 23:59:03,Windsurf.exe,finalized - Windsurf - page.tsx,study
2025-11-23 23:59:08,Windsurf.exe,finalized - Windsurf - page.tsx,study
2025-11-23 23:59:13,Windsurf.exe,finalized - Windsurf - page.tsx,study
2025-11-23 23:59:18,brave.exe,Create Next App - Brave,entertainment
2025-11-23 23:59:23,brave.exe,Create Next App - Brave,entertainment
2025-11-23 23:59:28,brave.exe,Create Next App - Brave,entertainment
2025-11-23 23:59:34,brave.exe,Create Next App - Brave,entertainment
2025-11-23 23:59:39,brave.exe,Create Next App - Brave,entertainment
2025-11-23 23:59:44,brave.exe,Create Next App - Brave,entertainment
2025-11-23 23:59:49,WhatsApp.Root.exe,WhatsApp,entertainment
2025-11-23 23:59:54,WhatsApp.Root.exe,WhatsApp,entertainment
2025-11-23 23:59:59,brave.exe,Create Next App - Brave,entertainment
2025-11-24 00:00:04,Windsurf.exe,finalized - Windsurf - page.tsx,study
2025-11-24 00:00:09,Windsurf.exe,finalized - Windsurf - page.tsx,study
2025-11-24 00:00:14,Windsurf.exe,finalized - Windsurf - page.tsx,study
2025-11-24 00:00:19,Windsurf.exe,finalized - Windsurf - page.tsx,study
2025-11-24 00:00:24,Windsurf.exe,finalized - Windsurf - page.tsx,study
2025-11-24 00:00:29,Windsurf.exe,finalized - Windsurf - page.tsx,study
2025-11-24 00:00:34,Windsurf.exe,finalized - Windsurf - page.tsx,study
2025-11-24 00:00:39,Windsurf.exe,finalized - Windsurf - page.tsx,study
2025-11-24 00:00:44,Windsurf.exe,finalized - Windsurf - page.tsx,study
2025-11-24 00:00:49,Windsurf.exe,finalized - Windsurf - page.tsx,study
2025-11-24 00:00:54,Windsurf.exe,finalized - Windsurf - page.tsx,study
2025-11-24 00:00:59,Windsurf.exe,finalized - Windsurf - page.tsx,study
2025-11-24 00:01:04,Windsurf.exe,finalized - Windsurf - page.tsx,study
2025-11-24 00:01:09,Windsurf.exe,finalized - Windsurf - page.tsx,study
2025-11-24 00:01:14,Windsurf.exe,finalized - Windsurf - page.tsx,study
2025-11-24 00:01:19,Windsurf.exe,finalized - Windsurf - page.tsx,study
2025-11-24 00:01:24,Windsurf.exe,finalized - Windsurf - page.tsx,study
2025-11-24 00:01:29,Windsurf.exe,finalized - Windsurf - page.tsx,study
2025-11-24 00:01:34,Windsurf.exe,finalized - Windsurf - page.tsx,study
2025-11-24 00:01:39,Windsurf.exe,finalized - Windsurf - page.tsx,study
2025-11-24 00:01:44,Windsurf.exe,finalized - Windsurf - page.tsx,study
2025-11-24 00:01:49,Windsurf.exe,finalized - Windsurf - page.tsx,study
2025-11-24 00:01:54,Windsurf.exe,finalized - Windsurf - page.tsx,study
2025-11-24 00:01:59,Windsurf.exe,finalized - Windsurf - page.tsx,study
2025-11-24 00:02:05,Windsurf.exe,finalized - Windsurf - page.tsx,study
2025-11-24 00:02:10,Windsurf.exe,finalized - Windsurf - page.tsx,study
2025-11-24 00:02:15,brave.exe,Create Next App - Brave,entertainment
2025-11-24 00:02:20,brave.exe,Create Next App - Brave,entertainment
2025-11-24 00:02:25,brave.exe,Create Next App - Brave,entertainment
2025-11-24 00:02:30,brave.exe,Create Next App - Brave,entertainment
2025-11-24 00:02:35,Windsurf.exe,finalized - Windsurf - page.tsx,study
2025-11-24 00:02:40,Windsurf.exe,finalized - Windsurf - page.tsx,study
2025-11-24 00:02:45,Windsurf.exe,finalized - Windsurf - page.tsx,study
